Classification,Year,Period,Period Desc.,Aggregate Level,Is Leaf Code,Trade Flow Code,Trade Flow,Reporter Code,Reporter,Reporter ISO,Partner Code,Partner,Partner ISO,2nd Partner Code,2nd Partner,2nd Partner ISO,Customs Proc. Code,Customs,Mode of Transport Code,Mode of Transport,Commodity Code,Commodity,Qty Unit Code,Qty Unit,Qty,Alt Qty Unit Code,Alt Qty Unit,Alt Qty,Netweight (kg),Gross weight (kg),Trade Value (US$),CIF Trade Value (US$),FOB Trade Value (US$),Flag
H2,2004,2004,2004,2,0,2,Export,12,Algeria,DZA,72,Botswana,BWA,,,,,,,,27,"Mineral fuels, mineral oils and products of their distillation",1,No Quantity,,,,,,,3233,,,0
H2,2004,2004,2004,2,0,2,Export,36,Australia,AUS,70,Bosnia Herzegovina,BIH,,,,,,,,27,"Mineral fuels, mineral oils and products of their distillation",1,No Quantity,,,,,,,1698267,,,0
H2,2004,2004,2004,2,0,1,Import,40,Austria,AUT,70,Bosnia Herzegovina,BIH,,,,,,,,27,"Mineral fuels, mineral oils and products of their distillation",1,No Quantity,,,,,,,31511,,,0
H2,2004,2004,2004,2,0,2,Export,40,Austria,AUT,70,Bosnia Herzegovina,BIH,,,,,,,,27,"Mineral fuels, mineral oils and products of their distillation",1,No Quantity,,,,,,,1269090,,,0
H2,2004,2004,2004,2,0,1,Import,51,Armenia,ARM,92,Br. Virgin Isds,VGB,,,,,,,,27,"Mineral fuels, mineral oils and products of their distillation",1,No Quantity,,,,,,,807004,,,0
H2,2004,2004,2004,2,0,2,Export,56,Belgium,BEL,70,Bosnia Herzegovina,BIH,,,,,,,,27,"Mineral fuels, mineral oils and products of their distillation",1,No Quantity,,,,,,,292349,,,0
H2,2004,2004,2004,2,0,1,Import,76,Brazil,BRA,92,Br. Virgin Isds,VGB,,,,,,,,27,"Mineral fuels, mineral oils and products of their distillation",1,No Quantity,0,,,,0,,615733,,,0
H2,2004,2004,2004,2,0,2,Export,76,Brazil,BRA,92,Br. Virgin Isds,VGB,,,,,,,,27,"Mineral fuels, mineral oils and products of their distillation",1,No Quantity,0,,,,0,,92631993,,,0
H2,2004,2004,2004,2,0,1,Import,100,Bulgaria,BGR,70,Bosnia Herzegovina,BIH,,,,,,,,27,"Mineral fuels, mineral oils and products of their distillation",1,No Quantity,,,,,,,433110,,,0
H2,2004,2004,2004,2,0,2,Export,100,Bulgaria,BGR,70,Bosnia Herzegovina,BIH,,,,,,,,27,"Mineral fuels, mineral oils and products of their distillation",1,No Quantity,,,,,,,1383875,,,0
H2,2004,2004,2004,2,0,2,Export,124,Canada,CAN,72,Botswana,BWA,,,,,,,,27,"Mineral fuels, mineral oils and products of their distillation",1,No Quantity,,,,,,,53757,,,0
H2,2004,2004,2004,2,0,2,Export,124,Canada,CAN,92,Br. Virgin Isds,VGB,,,,,,,,27,"Mineral fuels, mineral oils and products of their distillation",1,No Quantity,,,,,,,48143,,,0
H2,2004,2004,2004,2,0,1,Import,191,Croatia,HRV,70,Bosnia Herzegovina,BIH,,,,,,,,27,"Mineral fuels, mineral oils and products of their distillation",1,No Quantity,,,,,,,37117933,,,0
H2,2004,2004,2004,2,0,2,Export,191,Croatia,HRV,70,Bosnia Herzegovina,BIH,,,,,,,,27,"Mineral fuels, mineral oils and products of their distillation",1,No Quantity,,,,,,,345540965,,,0
H2,2004,2004,2004,2,0,1,Import,203,Czechia,CZE,70,Bosnia Herzegovina,BIH,,,,,,,,27,"Mineral fuels, mineral oils and products of their distillation",1,No Quantity,,,,,,,913863,,,0
H2,2004,2004,2004,2,0,2,Export,203,Czechia,CZE,70,Bosnia Herzegovina,BIH,,,,,,,,27,"Mineral fuels, mineral oils and products of their distillation",1,No Quantity,,,,,,,2909961,,,0
H2,2004,2004,2004,2,0,2,Export,208,Denmark,DNK,70,Bosnia Herzegovina,BIH,,,,,,,,27,"Mineral fuels, mineral oils and products of their distillation",1,No Quantity,,,,,,,143,,,0
H2,2004,2004,2004,2,0,2,Export,233,Estonia,EST,70,Bosnia Herzegovina,BIH,,,,,,,,27,"Mineral fuels, mineral oils and products of their distillation",1,No Quantity,,,,,,,4127,,,0
H2,2004,2004,2004,2,0,1,Import,251,France,FRA,70,Bosnia Herzegovina,BIH,,,,,,,,27,"Mineral fuels, mineral oils and products of their distillation",1,No Quantity,,,,,,,14927,,,0
H2,2004,2004,2004,2,0,2,Export,251,France,FRA,70,Bosnia Herzegovina,BIH,,,,,,,,27,"Mineral fuels, mineral oils and products of their distillation",1,No Quantity,,,,,,,630537,,,0
H2,2004,2004,2004,2,0,1,Import,276,Germany,DEU,70,Bosnia Herzegovina,BIH,,,,,,,,27,"Mineral fuels, mineral oils and products of their distillation",1,No Quantity,,,,,,,56000,,,0
H2,2004,2004,2004,2,0,2,Export,276,Germany,DEU,70,Bosnia Herzegovina,BIH,,,,,,,,27,"Mineral fuels, mineral oils and products of their distillation",1,No Quantity,,,,,,,2655000,,,0
H2,2004,2004,2004,2,0,1,Import,300,Greece,GRC,70,Bosnia Herzegovina,BIH,,,,,,,,27,"Mineral fuels, mineral oils and products of their distillation",1,No Quantity,,,,,,,218537,,,0
H2,2004,2004,2004,2,0,2,Export,300,Greece,GRC,70,Bosnia Herzegovina,BIH,,,,,,,,27,"Mineral fuels, mineral oils and products of their distillation",1,No Quantity,,,,,,,83342,,,0
H2,2004,2004,2004,2,0,1,Import,320,Guatemala,GTM,92,Br. Virgin Isds,VGB,,,,,,,,27,"Mineral fuels, mineral oils and products of their distillation",1,No Quantity,,,,,,,71200716,,,0
H2,2004,2004,2004,2,0,1,Import,348,Hungary,HUN,70,Bosnia Herzegovina,BIH,,,,,,,,27,"Mineral fuels, mineral oils and products of their distillation",1,No Quantity,,,,,,,2554000,,,0
H2,2004,2004,2004,2,0,2,Export,348,Hungary,HUN,70,Bosnia Herzegovina,BIH,,,,,,,,27,"Mineral fuels, mineral oils and products of their distillation",1,No Quantity,,,,,,,88966000,,,0
H2,2004,2004,2004,2,0,2,Export,352,Iceland,ISL,92,Br. Virgin Isds,VGB,,,,,,,,27,"Mineral fuels, mineral oils and products of their distillation",1,No Quantity,,,,,,,55315,,,0
H2,2004,2004,2004,2,0,2,Export,364,Iran,IRN,70,Bosnia Herzegovina,BIH,,,,,,,,27,"Mineral fuels, mineral oils and products of their distillation",1,No Quantity,,,,,,,16443,,,0
H2,2004,2004,2004,2,0,1,Import,381,Italy,ITA,70,Bosnia Herzegovina,BIH,,,,,,,,27,"Mineral fuels, mineral oils and products of their distillation",1,No Quantity,,,,,,,293745,,,0
H2,2004,2004,2004,2,0,2,Export,381,Italy,ITA,70,Bosnia Herzegovina,BIH,,,,,,,,27,"Mineral fuels, mineral oils and products of their distillation",1,No Quantity,,,,,,,2076105,,,0
H2,2004,2004,2004,2,0,2,Export,398,Kazakhstan,KAZ,92,Br. Virgin Isds,VGB,,,,,,,,27,"Mineral fuels, mineral oils and products of their distillation",1,No Quantity,,,,,,,763476477,,,0
H2,2004,2004,2004,2,0,2,Export,404,Kenya,KEN,70,Bosnia Herzegovina,BIH,,,,,,,,27,"Mineral fuels, mineral oils and products of their distillation",1,No Quantity,,,,,,,46790,,,0
H2,2004,2004,2004,2,0,3,Re-Export,404,Kenya,KEN,70,Bosnia Herzegovina,BIH,,,,,,,,27,"Mineral fuels, mineral oils and products of their distillation",1,No Quantity,,,,,,,46790,,,0
H2,2004,2004,2004,2,0,2,Export,428,Latvia,LVA,92,Br. Virgin Isds,VGB,,,,,,,,27,"Mineral fuels, mineral oils and products of their distillation",1,No Quantity,,,,,,,3373678,,,0
H2,2004,2004,2004,2,0,2,Export,440,Lithuania,LTU,70,Bosnia Herzegovina,BIH,,,,,,,,27,"Mineral fuels, mineral oils and products of their distillation",1,No Quantity,,,,,,,35156,,,0
H2,2004,2004,2004,2,0,2,Export,440,Lithuania,LTU,92,Br. Virgin Isds,VGB,,,,,,,,27,"Mineral fuels, mineral oils and products of their distillation",1,No Quantity,,,,,,,11364,,,0
H2,2004,2004,2004,2,0,2,Export,450,Madagascar,MDG,72,Botswana,BWA,,,,,,,,27,"Mineral fuels, mineral oils and products of their distillation",1,No Quantity,,,,,,,165,,,0
H2,2004,2004,2004,2,0,2,Export,490,"Other Asia, nes",,72,Botswana,BWA,,,,,,,,27,"Mineral fuels, mineral oils and products of their distillation",1,No Quantity,,,,,,,300,,,0
H2,2004,2004,2004,2,0,2,Export,508,Mozambique,MOZ,72,Botswana,BWA,,,,,,,,27,"Mineral fuels, mineral oils and products of their distillation",1,No Quantity,,,,,,,566234,,,0
H2,2004,2004,2004,2,0,2,Export,516,Namibia,NAM,70,Bosnia Herzegovina,BIH,,,,,,,,27,"Mineral fuels, mineral oils and products of their distillation",1,No Quantity,,,,,,,14512,,,0
H2,2004,2004,2004,2,0,1,Import,516,Namibia,NAM,72,Botswana,BWA,,,,,,,,27,"Mineral fuels, mineral oils and products of their distillation",1,No Quantity,,,,,,,24312,,,0
H2,2004,2004,2004,2,0,2,Export,516,Namibia,NAM,72,Botswana,BWA,,,,,,,,27,"Mineral fuels, mineral oils and products of their distillation",1,No Quantity,,,,,,,6394201,,,0
H2,2004,2004,2004,2,0,2,Export,528,Netherlands,NLD,70,Bosnia Herzegovina,BIH,,,,,,,,27,"Mineral fuels, mineral oils and products of their distillation",1,No Quantity,,,,,,,1244,,,0
H2,2004,2004,2004,2,0,1,Import,616,Poland,POL,70,Bosnia Herzegovina,BIH,,,,,,,,27,"Mineral fuels, mineral oils and products of their distillation",1,No Quantity,,,,,,,2663,,,0
H2,2004,2004,2004,2,0,2,Export,616,Poland,POL,70,Bosnia Herzegovina,BIH,,,,,,,,27,"Mineral fuels, mineral oils and products of their distillation",1,No Quantity,,,,,,,267850,,,0
H2,2004,2004,2004,2,0,1,Import,616,Poland,POL,72,Botswana,BWA,,,,,,,,27,"Mineral fuels, mineral oils and products of their distillation",1,No Quantity,,,,,,,1900123,,,0
H2,2004,2004,2004,2,0,2,Export,616,Poland,POL,92,Br. Virgin Isds,VGB,,,,,,,,27,"Mineral fuels, mineral oils and products of their distillation",1,No Quantity,,,,,,,1078,,,0
H2,2004,2004,2004,2,0,1,Import,642,Romania,ROU,70,Bosnia Herzegovina,BIH,,,,,,,,27,"Mineral fuels, mineral oils and products of their distillation",1,No Quantity,,,,,,,7650,,,0
H2,2004,2004,2004,2,0,2,Export,642,Romania,ROU,70,Bosnia Herzegovina,BIH,,,,,,,,27,"Mineral fuels, mineral oils and products of their distillation",1,No Quantity,,,,,,,517168,,,0
H2,2004,2004,2004,2,0,2,Export,642,Romania,ROU,92,Br. Virgin Isds,VGB,,,,,,,,27,"Mineral fuels, mineral oils and products of their distillation",1,No Quantity,,,,,,,338790,,,0
H2,2004,2004,2004,2,0,2,Export,643,Russian Federation,RUS,70,Bosnia Herzegovina,BIH,,,,,,,,27,"Mineral fuels, mineral oils and products of their distillation",1,No Quantity,,,,,,,526419,,,0
H2,2004,2004,2004,2,0,2,Export,643,Russian Federation,RUS,92,Br. Virgin Isds,VGB,,,,,,,,27,"Mineral fuels, mineral oils and products of their distillation",1,No Quantity,,,,,,,1663393181,,,0
H2,2004,2004,2004,2,0,1,Import,703,Slovakia,SVK,70,Bosnia Herzegovina,BIH,,,,,,,,27,"Mineral fuels, mineral oils and products of their distillation",1,No Quantity,,,,,,,11345,,,0
H2,2004,2004,2004,2,0,2,Export,703,Slovakia,SVK,70,Bosnia Herzegovina,BIH,,,,,,,,27,"Mineral fuels, mineral oils and products of their distillation",1,No Quantity,,,,,,,4330854,,,0
H2,2004,2004,2004,2,0,1,Import,705,Slovenia,SVN,70,Bosnia Herzegovina,BIH,,,,,,,,27,"Mineral fuels, mineral oils and products of their distillation",1,No Quantity,,,,,,,3853235,,,0
H2,2004,2004,2004,2,0,2,Export,705,Slovenia,SVN,70,Bosnia Herzegovina,BIH,,,,,,,,27,"Mineral fuels, mineral oils and products of their distillation",1,No Quantity,,,,,,,9720382,,,0
H2,2004,2004,2004,2,0,1,Import,705,Slovenia,SVN,92,Br. Virgin Isds,VGB,,,,,,,,27,"Mineral fuels, mineral oils and products of their distillation",1,No Quantity,,,,,,,20,,,0
H2,2004,2004,2004,2,0,1,Import,716,Zimbabwe,ZWE,70,Bosnia Herzegovina,BIH,,,,,,,,27,"Mineral fuels, mineral oils and products of their distillation",1,No Quantity,0,,,,0,,21,,,0
H2,2004,2004,2004,2,0,1,Import,716,Zimbabwe,ZWE,72,Botswana,BWA,,,,,,,,27,"Mineral fuels, mineral oils and products of their distillation",1,No Quantity,0,,,,0,,1800025,,,0
H2,2004,2004,2004,2,0,2,Export,716,Zimbabwe,ZWE,72,Botswana,BWA,,,,,,,,27,"Mineral fuels, mineral oils and products of their distillation",1,No Quantity,0,,,,0,,117167,,,0
H2,2004,2004,2004,2,0,2,Export,752,Sweden,SWE,70,Bosnia Herzegovina,BIH,,,,,,,,27,"Mineral fuels, mineral oils and products of their distillation",1,No Quantity,,,,,,,31900,,,0
H2,2004,2004,2004,2,0,2,Export,757,Switzerland,CHE,70,Bosnia Herzegovina,BIH,,,,,,,,27,"Mineral fuels, mineral oils and products of their distillation",1,No Quantity,,,,,,,323988,,,0
H2,2004,2004,2004,2,0,2,Export,780,Trinidad and Tobago,TTO,92,Br. Virgin Isds,VGB,,,,,,,,27,"Mineral fuels, mineral oils and products of their distillation",1,No Quantity,,,,,,,4764199,,,0
H2,2004,2004,2004,2,0,2,Export,792,Turkey,TUR,70,Bosnia Herzegovina,BIH,,,,,,,,27,"Mineral fuels, mineral oils and products of their distillation",1,No Quantity,,,,,,,816807,,,0
H2,2004,2004,2004,2,0,1,Import,792,Turkey,TUR,92,Br. Virgin Isds,VGB,,,,,,,,27,"Mineral fuels, mineral oils and products of their distillation",1,No Quantity,,,,,,,1240998,,,0
H2,2004,2004,2004,2,0,2,Export,792,Turkey,TUR,92,Br. Virgin Isds,VGB,,,,,,,,27,"Mineral fuels, mineral oils and products of their distillation",1,No Quantity,,,,,,,7250,,,0
H2,2004,2004,2004,2,0,1,Import,807,North Macedonia,MKD,70,Bosnia Herzegovina,BIH,,,,,,,,27,"Mineral fuels, mineral oils and products of their distillation",1,No Quantity,,,,,,,975652,,,0
H2,2004,2004,2004,2,0,2,Export,807,North Macedonia,MKD,70,Bosnia Herzegovina,BIH,,,,,,,,27,"Mineral fuels, mineral oils and products of their distillation",1,No Quantity,,,,,,,17091,,,0
H2,2004,2004,2004,2,0,2,Export,826,United Kingdom,GBR,70,Bosnia Herzegovina,BIH,,,,,,,,27,"Mineral fuels, mineral oils and products of their distillation",1,No Quantity,,,,,,,28110,,,0
H2,2004,2004,2004,2,0,2,Export,826,United Kingdom,GBR,72,Botswana,BWA,,,,,,,,27,"Mineral fuels, mineral oils and products of their distillation",1,No Quantity,,,,,,,34954,,,0
H2,2004,2004,2004,2,0,2,Export,842,USA,USA,72,Botswana,BWA,,,,,,,,27,"Mineral fuels, mineral oils and products of their distillation",1,No Quantity,,,,,,,27018,,,0
H2,2004,2004,2004,2,0,2,Export,842,USA,USA,92,Br. Virgin Isds,VGB,,,,,,,,27,"Mineral fuels, mineral oils and products of their distillation",1,No Quantity,,,,,,,14047947,,,0
H2,2004,2004,2004,2,0,3,Re-Export,842,USA,USA,92,Br. Virgin Isds,VGB,,,,,,,,27,"Mineral fuels, mineral oils and products of their distillation",1,No Quantity,,,,,,,5281,,,0
H2,2004,2004,2004,2,0,1,Import,894,Zambia,ZMB,72,Botswana,BWA,,,,,,,,27,"Mineral fuels, mineral oils and products of their distillation",1,No Quantity,0,,,,0,,68791,,,0
H2,2004,2004,2004,2,0,2,Export,894,Zambia,ZMB,72,Botswana,BWA,,,,,,,,27,"Mineral fuels, mineral oils and products of their distillation",1,No Quantity,0,,,,0,,513940,,,0
H2,2004,2004,2004,2,0,2,Export,32,Argentina,ARG,70,Bosnia Herzegovina,BIH,,,,,,,,39,Plastics and articles thereof,1,No Quantity,,,,,,,43,,,0
H2,2004,2004,2004,2,0,2,Export,32,Argentina,ARG,72,Botswana,BWA,,,,,,,,39,Plastics and articles thereof,1,No Quantity,,,,,,,24711,,,0
H2,2004,2004,2004,2,0,2,Export,36,Australia,AUS,72,Botswana,BWA,,,,,,,,39,Plastics and articles thereof,1,No Quantity,,,,,,,8453,,,0
H2,2004,2004,2004,2,0,1,Import,36,Australia,AUS,92,Br. Virgin Isds,VGB,,,,,,,,39,Plastics and articles thereof,1,No Quantity,,,,,,,33238,,,0
H2,2004,2004,2004,2,0,1,Import,40,Austria,AUT,70,Bosnia Herzegovina,BIH,,,,,,,,39,Plastics and articles thereof,1,No Quantity,,,,,,,2083175,,,0
H2,2004,2004,2004,2,0,2,Export,40,Austria,AUT,70,Bosnia Herzegovina,BIH,,,,,,,,39,Plastics and articles thereof,1,No Quantity,,,,,,,13570429,,,0
H2,2004,2004,2004,2,0,2,Export,40,Austria,AUT,72,Botswana,BWA,,,,,,,,39,Plastics and articles thereof,1,No Quantity,,,,,,,11401,,,0
H2,2004,2004,2004,2,0,2,Export,40,Austria,AUT,92,Br. Virgin Isds,VGB,,,,,,,,39,Plastics and articles thereof,1,No Quantity,,,,,,,60586,,,0
H2,2004,2004,2004,2,0,1,Import,51,Armenia,ARM,92,Br. Virgin Isds,VGB,,,,,,,,39,Plastics and articles thereof,1,No Quantity,,,,,,,2012,,,0
H2,2004,2004,2004,2,0,1,Import,56,Belgium,BEL,70,Bosnia Herzegovina,BIH,,,,,,,,39,Plastics and articles thereof,1,No Quantity,,,,,,,2138328,,,0
H2,2004,2004,2004,2,0,2,Export,56,Belgium,BEL,70,Bosnia Herzegovina,BIH,,,,,,,,39,Plastics and articles thereof,1,No Quantity,,,,,,,2539111,,,0
H2,2004,2004,2004,2,0,2,Export,56,Belgium,BEL,72,Botswana,BWA,,,,,,,,39,Plastics and articles thereof,1,No Quantity,,,,,,,39659,,,0
H2,2004,2004,2004,2,0,2,Export,56,Belgium,BEL,92,Br. Virgin Isds,VGB,,,,,,,,39,Plastics and articles thereof,1,No Quantity,,,,,,,39635,,,0
H2,2004,2004,2004,2,0,1,Import,70,Bosnia Herzegovina,BIH,92,Br. Virgin Isds,VGB,,,,,,,,39,Plastics and articles thereof,1,No Quantity,,,,,,,5214,,,0
H2,2004,2004,2004,2,0,2,Export,76,Brazil,BRA,70,Bosnia Herzegovina,BIH,,,,,,,,39,Plastics and articles thereof,1,No Quantity,0,,,,0,,31,,,0
H2,2004,2004,2004,2,0,1,Import,76,Brazil,BRA,92,Br. Virgin Isds,VGB,,,,,,,,39,Plastics and articles thereof,1,No Quantity,0,,,,0,,665321,,,0
H2,2004,2004,2004,2,0,2,Export,76,Brazil,BRA,92,Br. Virgin Isds,VGB,,,,,,,,39,Plastics and articles thereof,1,No Quantity,0,,,,0,,28506,,,0
H2,2004,2004,2004,2,0,1,Import,100,Bulgaria,BGR,70,Bosnia Herzegovina,BIH,,,,,,,,39,Plastics and articles thereof,1,No Quantity,,,,,,,78104,,,0
H2,2004,2004,2004,2,0,2,Export,100,Bulgaria,BGR,70,Bosnia Herzegovina,BIH,,,,,,,,39,Plastics and articles thereof,1,No Quantity,,,,,,,168733,,,0
H2,2004,2004,2004,2,0,2,Export,112,Belarus,BLR,70,Bosnia Herzegovina,BIH,,,,,,,,39,Plastics and articles thereof,1,No Quantity,,,,,,,300,,,0
H2,2004,2004,2004,2,0,2,Export,124,Canada,CAN,70,Bosnia Herzegovina,BIH,,,,,,,,39,Plastics and articles thereof,1,No Quantity,,,,,,,14318,,,0
H2,2004,2004,2004,2,0,1,Import,124,Canada,CAN,72,Botswana,BWA,,,,,,,,39,Plastics and articles thereof,1,No Quantity,,,,,,,1895,,,0
H2,2004,2004,2004,2,0,2,Export,124,Canada,CAN,72,Botswana,BWA,,,,,,,,39,Plastics and articles thereof,1,No Quantity,,,,,,,12191,,,0
H2,2004,2004,2004,2,0,1,Import,124,Canada,CAN,92,Br. Virgin Isds,VGB,,,,,,,,39,Plastics and articles thereof,1,No Quantity,,,,,,,79841,,,0
H2,2004,2004,2004,2,0,2,Export,124,Canada,CAN,92,Br. Virgin Isds,VGB,,,,,,,,39,Plastics and articles thereof,1,No Quantity,,,,,,,64349,,,0
H2,2004,2004,2004,2,0,2,Export,156,China,CHN,70,Bosnia Herzegovina,BIH,,,,,,,,39,Plastics and articles thereof,1,No Quantity,,,,,,,519115,,,0
H2,2004,2004,2004,2,0,2,Export,156,China,CHN,72,Botswana,BWA,,,,,,,,39,Plastics and articles thereof,1,No Quantity,,,,,,,566072,,,0
H2,2004,2004,2004,2,0,1,Import,170,Colombia,COL,92,Br. Virgin Isds,VGB,,,,,,,,39,Plastics and articles thereof,1,No Quantity,,,,,,,14207,,,0
H2,2004,2004,2004,2,0,1,Import,188,Costa Rica,CRI,92,Br. Virgin Isds,VGB,,,,,,,,39,Plastics and articles thereof,1,No Quantity,,,,,,,604,,,0
H2,2004,2004,2004,2,0,1,Import,191,Croatia,HRV,70,Bosnia Herzegovina,BIH,,,,,,,,39,Plastics and articles thereof,1,No Quantity,,,,,,,9070212,,,0
H2,2004,2004,2004,2,0,2,Export,191,Croatia,HRV,70,Bosnia Herzegovina,BIH,,,,,,,,39,Plastics and articles thereof,1,No Quantity,,,,,,,28787123,,,0
H2,2004,2004,2004,2,0,2,Export,191,Croatia,HRV,92,Br. Virgin Isds,VGB,,,,,,,,39,Plastics and articles thereof,1,No Quantity,,,,,,,221,,,0
H2,2004,2004,2004,2,0,1,Import,196,Cyprus,CYP,70,Bosnia Herzegovina,BIH,,,,,,,,39,Plastics and articles thereof,1,No Quantity,,,,,,,28,,,0
H2,2004,2004,2004,2,0,1,Import,203,Czechia,CZE,70,Bosnia Herzegovina,BIH,,,,,,,,39,Plastics and articles thereof,1,No Quantity,,,,,,,44337,,,0
H2,2004,2004,2004,2,0,2,Export,203,Czechia,CZE,70,Bosnia Herzegovina,BIH,,,,,,,,39,Plastics and articles thereof,1,No Quantity,,,,,,,3351649,,,0
H2,2004,2004,2004,2,0,1,Import,203,Czechia,CZE,92,Br. Virgin Isds,VGB,,,,,,,,39,Plastics and articles thereof,1,No Quantity,,,,,,,15854,,,0
H2,2004,2004,2004,2,0,2,Export,203,Czechia,CZE,92,Br. Virgin Isds,VGB,,,,,,,,39,Plastics and articles thereof,1,No Quantity,,,,,,,179157,,,0
H2,2004,2004,2004,2,0,1,Import,208,Denmark,DNK,70,Bosnia Herzegovina,BIH,,,,,,,,39,Plastics and articles thereof,1,No Quantity,,,,,,,13094,,,0
H2,2004,2004,2004,2,0,2,Export,208,Denmark,DNK,70,Bosnia Herzegovina,BIH,,,,,,,,39,Plastics and articles thereof,1,No Quantity,,,,,,,248121,,,0
H2,2004,2004,2004,2,0,2,Export,208,Denmark,DNK,72,Botswana,BWA,,,,,,,,39,Plastics and articles thereof,1,No Quantity,,,,,,,76007,,,0
H2,2004,2004,2004,2,0,2,Export,208,Denmark,DNK,92,Br. Virgin Isds,VGB,,,,,,,,39,Plastics and articles thereof,1,No Quantity,,,,,,,661,,,0
H2,2004,2004,2004,2,0,2,Export,218,Ecuador,ECU,92,Br. Virgin Isds,VGB,,,,,,,,39,Plastics and articles thereof,1,No Quantity,,,,,,,193391,,,0
H2,2004,2004,2004,2,0,1,Import,222,El Salvador,SLV,70,Bosnia Herzegovina,BIH,,,,,,,,39,Plastics and articles thereof,1,No Quantity,,,,,,,244,,,0
H2,2004,2004,2004,2,0,1,Import,233,Estonia,EST,92,Br. Virgin Isds,VGB,,,,,,,,39,Plastics and articles thereof,1,No Quantity,,,,,,,11312,,,0
H2,2004,2004,2004,2,0,2,Export,246,Finland,FIN,70,Bosnia Herzegovina,BIH,,,,,,,,39,Plastics and articles thereof,1,No Quantity,,,,,,,541011,,,0
H2,2004,2004,2004,2,0,1,Import,251,France,FRA,70,Bosnia Herzegovina,BIH,,,,,,,,39,Plastics and articles thereof,1,No Quantity,,,,,,,370694,,,0
H2,2004,2004,2004,2,0,2,Export,251,France,FRA,70,Bosnia Herzegovina,BIH,,,,,,,,39,Plastics and articles thereof,1,No Quantity,,,,,,,4372718,,,0
H2,2004,2004,2004,2,0,2,Export,251,France,FRA,72,Botswana,BWA,,,,,,,,39,Plastics and articles thereof,1,No Quantity,,,,,,,64670,,,0
H2,2004,2004,2004,2,0,2,Export,251,France,FRA,92,Br. Virgin Isds,VGB,,,,,,,,39,Plastics and articles thereof,1,No Quantity,,,,,,,74620,,,0
H2,2004,2004,2004,2,0,1,Import,276,Germany,DEU,70,Bosnia Herzegovina,BIH,,,,,,,,39,Plastics and articles thereof,1,No Quantity,,,,,,,2149000,,,0
H2,2004,2004,2004,2,0,2,Export,276,Germany,DEU,70,Bosnia Herzegovina,BIH,,,,,,,,39,Plastics and articles thereof,1,No Quantity,,,,,,,37042000,,,0
H2,2004,2004,2004,2,0,1,Import,276,Germany,DEU,72,Botswana,BWA,,,,,,,,39,Plastics and articles thereof,1,No Quantity,,,,,,,3000,,,0
H2,2004,2004,2004,2,0,2,Export,276,Germany,DEU,72,Botswana,BWA,,,,,,,,39,Plastics and articles thereof,1,No Quantity,,,,,,,278000,,,0
H2,2004,2004,2004,2,0,2,Export,276,Germany,DEU,74,Bouvet Island,BVT,,,,,,,,39,Plastics and articles thereof,1,No Quantity,,,,,,,6000,,,0
H2,2004,2004,2004,2,0,2,Export,276,Germany,DEU,92,Br. Virgin Isds,VGB,,,,,,,,39,Plastics and articles thereof,1,No Quantity,,,,,,,618000,,,0
H2,2004,2004,2004,2,0,2,Export,300,Greece,GRC,70,Bosnia Herzegovina,BIH,,,,,,,,39,Plastics and articles thereof,1,No Quantity,,,,,,,1854736,,,0
H2,2004,2004,2004,2,0,1,Import,320,Guatemala,GTM,92,Br. Virgin Isds,VGB,,,,,,,,39,Plastics and articles thereof,1,No Quantity,,,,,,,5784,,,0
H2,2004,2004,2004,2,0,2,Export,344,"China, Hong Kong SAR",HKG,70,Bosnia Herzegovina,BIH,,,,,,,,39,Plastics and articles thereof,1,No Quantity,,,,,,,380,,,0
H2,2004,2004,2004,2,0,3,Re-Export,344,"China, Hong Kong SAR",HKG,70,Bosnia Herzegovina,BIH,,,,,,,,39,Plastics and articles thereof,1,No Quantity,,,,,,,380,,,0
H2,2004,2004,2004,2,0,2,Export,344,"China, Hong Kong SAR",HKG,72,Botswana,BWA,,,,,,,,39,Plastics and articles thereof,1,No Quantity,,,,,,,18910,,,0
H2,2004,2004,2004,2,0,3,Re-Export,344,"China, Hong Kong SAR",HKG,72,Botswana,BWA,,,,,,,,39,Plastics and articles thereof,1,No Quantity,,,,,,,18910,,,0
H2,2004,2004,2004,2,0,1,Import,348,Hungary,HUN,70,Bosnia Herzegovina,BIH,,,,,,,,39,Plastics and articles thereof,1,No Quantity,,,,,,,4000,,,0
H2,2004,2004,2004,2,0,2,Export,348,Hungary,HUN,70,Bosnia Herzegovina,BIH,,,,,,,,39,Plastics and articles thereof,1,No Quantity,,,,,,,4469000,,,0
H2,2004,2004,2004,2,0,2,Export,352,Iceland,ISL,70,Bosnia Herzegovina,BIH,,,,,,,,39,Plastics and articles thereof,1,No Quantity,,,,,,,2917,,,0
H2,2004,2004,2004,2,0,2,Export,364,Iran,IRN,70,Bosnia Herzegovina,BIH,,,,,,,,39,Plastics and articles thereof,1,No Quantity,,,,,,,2149,,,0
H2,2004,2004,2004,2,0,1,Import,372,Ireland,IRL,70,Bosnia Herzegovina,BIH,,,,,,,,39,Plastics and articles thereof,1,No Quantity,,,,,,,19236,,,0
H2,2004,2004,2004,2,0,2,Export,372,Ireland,IRL,72,Botswana,BWA,,,,,,,,39,Plastics and articles thereof,1,No Quantity,,,,,,,37891,,,0
H2,2004,2004,2004,2,0,2,Export,376,Israel,ISR,70,Bosnia Herzegovina,BIH,,,,,,,,39,Plastics and articles thereof,1,No Quantity,,,,,,,435000,,,0
H2,2004,2004,2004,2,0,1,Import,381,Italy,ITA,70,Bosnia Herzegovina,BIH,,,,,,,,39,Plastics and articles thereof,1,No Quantity,,,,,,,866008,,,0
H2,2004,2004,2004,2,0,2,Export,381,Italy,ITA,70,Bosnia Herzegovina,BIH,,,,,,,,39,Plastics and articles thereof,1,No Quantity,,,,,,,18096858,,,0
H2,2004,2004,2004,2,0,2,Export,381,Italy,ITA,72,Botswana,BWA,,,,,,,,39,Plastics and articles thereof,1,No Quantity,,,,,,,67182,,,0
H2,2004,2004,2004,2,0,2,Export,381,Italy,ITA,92,Br. Virgin Isds,VGB,,,,,,,,39,Plastics and articles thereof,1,No Quantity,,,,,,,9373,,,0
H2,2004,2004,2004,2,0,1,Import,388,Jamaica,JAM,92,Br. Virgin Isds,VGB,,,,,,,,39,Plastics and articles thereof,1,No Quantity,,,,,,,1,,,0
H2,2004,2004,2004,2,0,1,Import,398,Kazakhstan,KAZ,70,Bosnia Herzegovina,BIH,,,,,,,,39,Plastics and articles thereof,1,No Quantity,,,,,,,987,,,0
H2,2004,2004,2004,2,0,2,Export,404,Kenya,KEN,70,Bosnia Herzegovina,BIH,,,,,,,,39,Plastics and articles thereof,1,No Quantity,,,,,,,87,,,0
H2,2004,2004,2004,2,0,2,Export,404,Kenya,KEN,72,Botswana,BWA,,,,,,,,39,Plastics and articles thereof,1,No Quantity,,,,,,,197,,,0
H2,2004,2004,2004,2,0,2,Export,410,Rep. of Korea,KOR,70,Bosnia Herzegovina,BIH,,,,,,,,39,Plastics and articles thereof,1,No Quantity,,,,,,,1160,,,0
H2,2004,2004,2004,2,0,2,Export,410,Rep. of Korea,KOR,72,Botswana,BWA,,,,,,,,39,Plastics and articles thereof,1,No Quantity,,,,,,,1205,,,0
H2,2004,2004,2004,2,0,2,Export,422,Lebanon,LBN,70,Bosnia Herzegovina,BIH,,,,,,,,39,Plastics and articles thereof,1,No Quantity,,,,,,,1000,,,0
H2,2004,2004,2004,2,0,2,Export,440,Lithuania,LTU,92,Br. Virgin Isds,VGB,,,,,,,,39,Plastics and articles thereof,1,No Quantity,,,,,,,119450,,,0
H2,2004,2004,2004,2,0,1,Import,442,Luxembourg,LUX,70,Bosnia Herzegovina,BIH,,,,,,,,39,Plastics and articles thereof,1,No Quantity,,,,,,,2858,,,0
H2,2004,2004,2004,2,0,2,Export,442,Luxembourg,LUX,70,Bosnia Herzegovina,BIH,,,,,,,,39,Plastics and articles thereof,1,No Quantity,,,,,,,14438,,,0
H2,2004,2004,2004,2,0,2,Export,442,Luxembourg,LUX,72,Botswana,BWA,,,,,,,,39,Plastics and articles thereof,1,No Quantity,,,,,,,29051,,,0
H2,2004,2004,2004,2,0,1,Import,454,Malawi,MWI,72,Botswana,BWA,,,,,,,,39,Plastics and articles thereof,1,No Quantity,,,,,,,6360,,,0
H2,2004,2004,2004,2,0,2,Export,454,Malawi,MWI,72,Botswana,BWA,,,,,,,,39,Plastics and articles thereof,1,No Quantity,,,,,,,25453,,,0
H2,2004,2004,2004,2,0,1,Import,454,Malawi,MWI,92,Br. Virgin Isds,VGB,,,,,,,,39,Plastics and articles thereof,1,No Quantity,,,,,,,1021,,,0
H2,2004,2004,2004,2,0,2,Export,458,Malaysia,MYS,92,Br. Virgin Isds,VGB,,,,,,,,39,Plastics and articles thereof,1,No Quantity,,,,,,,9053,,,0
H2,2004,2004,2004,2,0,2,Export,480,Mauritius,MUS,72,Botswana,BWA,,,,,,,,39,Plastics and articles thereof,1,No Quantity,,,,,,,12236,,,0
H2,2004,2004,2004,2,0,1,Import,484,Mexico,MEX,92,Br. Virgin Isds,VGB,,,,,,,,39,Plastics and articles thereof,1,No Quantity,,,,,,,7855,,,0
H2,2004,2004,2004,2,0,2,Export,484,Mexico,MEX,92,Br. Virgin Isds,VGB,,,,,,,,39,Plastics and articles thereof,1,No Quantity,,,,,,,70345,,,0
H2,2004,2004,2004,2,0,2,Export,490,"Other Asia, nes",,70,Bosnia Herzegovina,BIH,,,,,,,,39,Plastics and articles thereof,1,No Quantity,,,,,,,7011,,,0
H2,2004,2004,2004,2,0,2,Export,490,"Other Asia, nes",,72,Botswana,BWA,,,,,,,,39,Plastics and articles thereof,1,No Quantity,,,,,,,55341,,,0
H2,2004,2004,2004,2,0,1,Import,490,"Other Asia, nes",,92,Br. Virgin Isds,VGB,,,,,,,,39,Plastics and articles thereof,1,No Quantity,,,,,,,9592,,,0
H2,2004,2004,2004,2,0,2,Export,490,"Other Asia, nes",,92,Br. Virgin Isds,VGB,,,,,,,,39,Plastics and articles thereof,1,No Quantity,,,,,,,1720870,,,0
H2,2004,2004,2004,2,0,1,Import,516,Namibia,NAM,72,Botswana,BWA,,,,,,,,39,Plastics and articles thereof,1,No Quantity,,,,,,,177475,,,0
H2,2004,2004,2004,2,0,2,Export,516,Namibia,NAM,72,Botswana,BWA,,,,,,,,39,Plastics and articles thereof,1,No Quantity,,,,,,,94203,,,0
H2,2004,2004,2004,2,0,1,Import,528,Netherlands,NLD,70,Bosnia Herzegovina,BIH,,,,,,,,39,Plastics and articles thereof,1,No Quantity,,,,,,,435524,,,0
H2,2004,2004,2004,2,0,2,Export,528,Netherlands,NLD,70,Bosnia Herzegovina,BIH,,,,,,,,39,Plastics and articles thereof,1,No Quantity,,,,,,,2382450,,,0
H2,2004,2004,2004,2,0,2,Export,528,Netherlands,NLD,92,Br. Virgin Isds,VGB,,,,,,,,39,Plastics and articles thereof,1,No Quantity,,,,,,,32347,,,0
H2,2004,2004,2004,2,0,1,Import,558,Nicaragua,NIC,92,Br. Virgin Isds,VGB,,,,,,,,39,Plastics and articles thereof,1,No Quantity,,,,,,,510,,,0
H2,2004,2004,2004,2,0,1,Import,579,Norway,NOR,70,Bosnia Herzegovina,BIH,,,,,,,,39,Plastics and articles thereof,1,No Quantity,,,,,,,2772,,,0
H2,2004,2004,2004,2,0,2,Export,579,Norway,NOR,70,Bosnia Herzegovina,BIH,,,,,,,,39,Plastics and articles thereof,1,No Quantity,,,,,,,88903,,,0
H2,2004,2004,2004,2,0,1,Import,586,Pakistan,PAK,72,Botswana,BWA,,,,,,,,39,Plastics and articles thereof,1,No Quantity,,,,,,,50678,,,0
H2,2004,2004,2004,2,0,1,Import,604,Peru,PER,92,Br. Virgin Isds,VGB,,,,,,,,39,Plastics and articles thereof,1,No Quantity,,,,,,,15649,,,0
H2,2004,2004,2004,2,0,1,Import,616,Poland,POL,70,Bosnia Herzegovina,BIH,,,,,,,,39,Plastics and articles thereof,1,No Quantity,,,,,,,17136,,,0
H2,2004,2004,2004,2,0,2,Export,616,Poland,POL,70,Bosnia Herzegovina,BIH,,,,,,,,39,Plastics and articles thereof,1,No Quantity,,,,,,,1356550,,,0
H2,2004,2004,2004,2,0,1,Import,616,Poland,POL,72,Botswana,BWA,,,,,,,,39,Plastics and articles thereof,1,No Quantity,,,,,,,50995,,,0
H2,2004,2004,2004,2,0,2,Export,616,Poland,POL,74,Bouvet Island,BVT,,,,,,,,39,Plastics and articles thereof,1,No Quantity,,,,,,,1008,,,0
H2,2004,2004,2004,2,0,2,Export,616,Poland,POL,92,Br. Virgin Isds,VGB,,,,,,,,39,Plastics and articles thereof,1,No Quantity,,,,,,,612603,,,0
H2,2004,2004,2004,2,0,2,Export,620,Portugal,PRT,70,Bosnia Herzegovina,BIH,,,,,,,,39,Plastics and articles thereof,1,No Quantity,,,,,,,28261,,,0
H2,2004,2004,2004,2,0,1,Import,620,Portugal,PRT,72,Botswana,BWA,,,,,,,,39,Plastics and articles thereof,1,No Quantity,,,,,,,13345,,,0
H2,2004,2004,2004,2,0,2,Export,620,Portugal,PRT,72,Botswana,BWA,,,,,,,,39,Plastics and articles thereof,1,No Quantity,,,,,,,7798,,,0
H2,2004,2004,2004,2,0,2,Export,642,Romania,ROU,70,Bosnia Herzegovina,BIH,,,,,,,,39,Plastics and articles thereof,1,No Quantity,,,,,,,422322,,,0
H2,2004,2004,2004,2,0,2,Export,643,Russian Federation,RUS,92,Br. Virgin Isds,VGB,,,,,,,,39,Plastics and articles thereof,1,No Quantity,,,,,,,23944,,,0
H2,2004,2004,2004,2,0,2,Export,699,India,IND,70,Bosnia Herzegovina,BIH,,,,,,,,39,Plastics and articles thereof,1,No Quantity,,,,,,,56479,,,0
H2,2004,2004,2004,2,0,2,Export,699,India,IND,72,Botswana,BWA,,,,,,,,39,Plastics and articles thereof,1,No Quantity,,,,,,,109516,,,0
H2,2004,2004,2004,2,0,2,Export,699,India,IND,92,Br. Virgin Isds,VGB,,,,,,,,39,Plastics and articles thereof,1,No Quantity,,,,,,,14062,,,0
H2,2004,2004,2004,2,0,1,Import,703,Slovakia,SVK,70,Bosnia Herzegovina,BIH,,,,,,,,39,Plastics and articles thereof,1,No Quantity,,,,,,,2422601,,,0
H2,2004,2004,2004,2,0,2,Export,703,Slovakia,SVK,70,Bosnia Herzegovina,BIH,,,,,,,,39,Plastics and articles thereof,1,No Quantity,,,,,,,1012881,,,0
H2,2004,2004,2004,2,0,2,Export,703,Slovakia,SVK,92,Br. Virgin Isds,VGB,,,,,,,,39,Plastics and articles thereof,1,No Quantity,,,,,,,1951,,,0
H2,2004,2004,2004,2,0,1,Import,705,Slovenia,SVN,70,Bosnia Herzegovina,BIH,,,,,,,,39,Plastics and articles thereof,1,No Quantity,,,,,,,662809,,,0
H2,2004,2004,2004,2,0,2,Export,705,Slovenia,SVN,70,Bosnia Herzegovina,BIH,,,,,,,,39,Plastics and articles thereof,1,No Quantity,,,,,,,29345702,,,0
H2,2004,2004,2004,2,0,1,Import,705,Slovenia,SVN,92,Br. Virgin Isds,VGB,,,,,,,,39,Plastics and articles thereof,1,No Quantity,,,,,,,1750,,,0
H2,2004,2004,2004,2,0,1,Import,710,South Africa,ZAF,70,Bosnia Herzegovina,BIH,,,,,,,,39,Plastics and articles thereof,1,No Quantity,,,,,,,76151,,,0
H2,2004,2004,2004,2,0,1,Import,710,South Africa,ZAF,92,Br. Virgin Isds,VGB,,,,,,,,39,Plastics and articles thereof,1,No Quantity,,,,,,,6145,,,0
H2,2004,2004,2004,2,0,2,Export,710,South Africa,ZAF,92,Br. Virgin Isds,VGB,,,,,,,,39,Plastics and articles thereof,1,No Quantity,,,,,,,6175,,,0
H2,2004,2004,2004,2,0,1,Import,716,Zimbabwe,ZWE,72,Botswana,BWA,,,,,,,,39,Plastics and articles thereof,1,No Quantity,0,,,,0,,196613,,,0
H2,2004,2004,2004,2,0,2,Export,716,Zimbabwe,ZWE,72,Botswana,BWA,,,,,,,,39,Plastics and articles thereof,1,No Quantity,0,,,,0,,2089702,,,4
H2,2004,2004,2004,2,0,3,Re-Export,716,Zimbabwe,ZWE,72,Botswana,BWA,,,,,,,,39,Plastics and articles thereof,1,No Quantity,0,,,,0,,0,,,0
H2,2004,2004,2004,2,0,1,Import,716,Zimbabwe,ZWE,92,Br. Virgin Isds,VGB,,,,,,,,39,Plastics and articles thereof,1,No Quantity,0,,,,0,,53369,,,0
H2,2004,2004,2004,2,0,1,Import,724,Spain,ESP,70,Bosnia Herzegovina,BIH,,,,,,,,39,Plastics and articles thereof,1,No Quantity,0,,,,0,,6170,,,0
H2,2004,2004,2004,2,0,2,Export,724,Spain,ESP,70,Bosnia Herzegovina,BIH,,,,,,,,39,Plastics and articles thereof,1,No Quantity,0,,,,0,,1734768,,,0
H2,2004,2004,2004,2,0,2,Export,724,Spain,ESP,72,Botswana,BWA,,,,,,,,39,Plastics and articles thereof,1,No Quantity,0,,,,0,,59587,,,0
H2,2004,2004,2004,2,0,1,Import,724,Spain,ESP,92,Br. Virgin Isds,VGB,,,,,,,,39,Plastics and articles thereof,1,No Quantity,0,,,,0,,433,,,0
H2,2004,2004,2004,2,0,2,Export,724,Spain,ESP,92,Br. Virgin Isds,VGB,,,,,,,,39,Plastics and articles thereof,1,No Quantity,0,,,,0,,10709,,,0
H2,2004,2004,2004,2,0,1,Import,752,Sweden,SWE,70,Bosnia Herzegovina,BIH,,,,,,,,39,Plastics and articles thereof,1,No Quantity,,,,,,,31101,,,0
H2,2004,2004,2004,2,0,2,Export,752,Sweden,SWE,70,Bosnia Herzegovina,BIH,,,,,,,,39,Plastics and articles thereof,1,No Quantity,,,,,,,431878,,,0
H2,2004,2004,2004,2,0,2,Export,752,Sweden,SWE,72,Botswana,BWA,,,,,,,,39,Plastics and articles thereof,1,No Quantity,,,,,,,5180,,,0
H2,2004,2004,2004,2,0,1,Import,752,Sweden,SWE,92,Br. Virgin Isds,VGB,,,,,,,,39,Plastics and articles thereof,1,No Quantity,,,,,,,4638,,,0
H2,2004,2004,2004,2,0,2,Export,752,Sweden,SWE,92,Br. Virgin Isds,VGB,,,,,,,,39,Plastics and articles thereof,1,No Quantity,,,,,,,9134,,,0
H2,2004,2004,2004,2,0,1,Import,757,Switzerland,CHE,70,Bosnia Herzegovina,BIH,,,,,,,,39,Plastics and articles thereof,1,No Quantity,,,,,,,280413,,,0
H2,2004,2004,2004,2,0,2,Export,757,Switzerland,CHE,70,Bosnia Herzegovina,BIH,,,,,,,,39,Plastics and articles thereof,1,No Quantity,,,,,,,883207,,,0
H2,2004,2004,2004,2,0,2,Export,757,Switzerland,CHE,72,Botswana,BWA,,,,,,,,39,Plastics and articles thereof,1,No Quantity,,,,,,,169,,,0
H2,2004,2004,2004,2,0,2,Export,757,Switzerland,CHE,92,Br. Virgin Isds,VGB,,,,,,,,39,Plastics and articles thereof,1,No Quantity,,,,,,,29239,,,0
H2,2004,2004,2004,2,0,2,Export,764,Thailand,THA,72,Botswana,BWA,,,,,,,,39,Plastics and articles thereof,1,No Quantity,,,,,,,2205,,,0
H2,2004,2004,2004,2,0,2,Export,764,Thailand,THA,92,Br. Virgin Isds,VGB,,,,,,,,39,Plastics and articles thereof,1,No Quantity,,,,,,,303,,,0
H2,2004,2004,2004,2,0,2,Export,780,Trinidad and Tobago,TTO,92,Br. Virgin Isds,VGB,,,,,,,,39,Plastics and articles thereof,1,No Quantity,,,,,,,81589,,,0
H2,2004,2004,2004,2,0,2,Export,784,United Arab Emirates,ARE,72,Botswana,BWA,,,,,,,,39,Plastics and articles thereof,1,No Quantity,,,,,,,2363,,,0
H2,2004,2004,2004,2,0,3,Re-Export,784,United Arab Emirates,ARE,72,Botswana,BWA,,,,,,,,39,Plastics and articles thereof,1,No Quantity,,,,,,,2363,,,0
H2,2004,2004,2004,2,0,1,Import,788,Tunisia,TUN,70,Bosnia Herzegovina,BIH,,,,,,,,39,Plastics and articles thereof,1,No Quantity,,,,,,,169,,,0
H2,2004,2004,2004,2,0,1,Import,792,Turkey,TUR,70,Bosnia Herzegovina,BIH,,,,,,,,39,Plastics and articles thereof,1,No Quantity,,,,,,,34446,,,0
H2,2004,2004,2004,2,0,2,Export,792,Turkey,TUR,70,Bosnia Herzegovina,BIH,,,,,,,,39,Plastics and articles thereof,1,No Quantity,,,,,,,6223601,,,0
H2,2004,2004,2004,2,0,2,Export,792,Turkey,TUR,92,Br. Virgin Isds,VGB,,,,,,,,39,Plastics and articles thereof,1,No Quantity,,,,,,,14898,,,0
H2,2004,2004,2004,2,0,1,Import,807,North Macedonia,MKD,70,Bosnia Herzegovina,BIH,,,,,,,,39,Plastics and articles thereof,1,No Quantity,,,,,,,132441,,,0
H2,2004,2004,2004,2,0,2,Export,807,North Macedonia,MKD,70,Bosnia Herzegovina,BIH,,,,,,,,39,Plastics and articles thereof,1,No Quantity,,,,,,,971833,,,0
H2,2004,2004,2004,2,0,1,Import,826,United Kingdom,GBR,70,Bosnia Herzegovina,BIH,,,,,,,,39,Plastics and articles thereof,1,No Quantity,,,,,,,14881,,,0
H2,2004,2004,2004,2,0,2,Export,826,United Kingdom,GBR,70,Bosnia Herzegovina,BIH,,,,,,,,39,Plastics and articles thereof,1,No Quantity,,,,,,,247128,,,0
H2,2004,2004,2004,2,0,2,Export,826,United Kingdom,GBR,72,Botswana,BWA,,,,,,,,39,Plastics and articles thereof,1,No Quantity,,,,,,,475927,,,0
H2,2004,2004,2004,2,0,1,Import,826,United Kingdom,GBR,92,Br. Virgin Isds,VGB,,,,,,,,39,Plastics and articles thereof,1,No Quantity,,,,,,,126848,,,0
H2,2004,2004,2004,2,0,2,Export,826,United Kingdom,GBR,92,Br. Virgin Isds,VGB,,,,,,,,39,Plastics and articles thereof,1,No Quantity,,,,,,,19760,,,0
H2,2004,2004,2004,2,0,1,Import,842,USA,USA,70,Bosnia Herzegovina,BIH,,,,,,,,39,Plastics and articles thereof,1,No Quantity,,,,,,,1057,,,0
H2,2004,2004,2004,2,0,2,Export,842,USA,USA,70,Bosnia Herzegovina,BIH,,,,,,,,39,Plastics and articles thereof,1,No Quantity,,,,,,,128870,,,0
H2,2004,2004,2004,2,0,3,Re-Export,842,USA,USA,70,Bosnia Herzegovina,BIH,,,,,,,,39,Plastics and articles thereof,1,No Quantity,,,,,,,5440,,,0
H2,2004,2004,2004,2,0,1,Import,842,USA,USA,72,Botswana,BWA,,,,,,,,39,Plastics and articles thereof,1,No Quantity,,,,,,,1610,,,0
H2,2004,2004,2004,2,0,2,Export,842,USA,USA,72,Botswana,BWA,,,,,,,,39,Plastics and articles thereof,1,No Quantity,,,,,,,121264,,,0
H2,2004,2004,2004,2,0,1,Import,842,USA,USA,92,Br. Virgin Isds,VGB,,,,,,,,39,Plastics and articles thereof,1,No Quantity,,,,,,,17768,,,0
H2,2004,2004,2004,2,0,2,Export,842,USA,USA,92,Br. Virgin Isds,VGB,,,,,,,,39,Plastics and articles thereof,1,No Quantity,,,,,,,879979,,,0
H2,2004,2004,2004,2,0,3,Re-Export,842,USA,USA,92,Br. Virgin Isds,VGB,,,,,,,,39,Plastics and articles thereof,1,No Quantity,,,,,,,22239,,,0
H2,2004,2004,2004,2,0,1,Import,894,Zambia,ZMB,72,Botswana,BWA,,,,,,,,39,Plastics and articles thereof,1,No Quantity,0,,,,0,,61573,,,0
H2,2004,2004,2004,2,0,2,Export,894,Zambia,ZMB,72,Botswana,BWA,,,,,,,,39,Plastics and articles thereof,1,No Quantity,0,,,,0,,2458,,,0
H2,2004,2004,2004,2,0,1,Import,8,Albania,ALB,92,Br. Virgin Isds,VGB,,,,,,,,40,Rubber and articles thereof,1,No Quantity,,,,,,,64,,,0
H2,2004,2004,2004,2,0,1,Import,20,Andorra,AND,70,Bosnia Herzegovina,BIH,,,,,,,,40,Rubber and articles thereof,1,No Quantity,,,,,,,287,,,0
H2,2004,2004,2004,2,0,1,Import,32,Argentina,ARG,70,Bosnia Herzegovina,BIH,,,,,,,,40,Rubber and articles thereof,1,No Quantity,,,,,,,634,,,0
H2,2004,2004,2004,2,0,2,Export,36,Australia,AUS,72,Botswana,BWA,,,,,,,,40,Rubber and articles thereof,1,No Quantity,,,,,,,10197,,,0
H2,2004,2004,2004,2,0,1,Import,36,Australia,AUS,92,Br. Virgin Isds,VGB,,,,,,,,40,Rubber and articles thereof,1,No Quantity,,,,,,,1375,,,0
H2,2004,2004,2004,2,0,1,Import,40,Austria,AUT,70,Bosnia Herzegovina,BIH,,,,,,,,40,Rubber and articles thereof,1,No Quantity,,,,,,,32964,,,0
H2,2004,2004,2004,2,0,2,Export,40,Austria,AUT,70,Bosnia Herzegovina,BIH,,,,,,,,40,Rubber and articles thereof,1,No Quantity,,,,,,,2065763,,,0
H2,2004,2004,2004,2,0,1,Import,40,Austria,AUT,72,Botswana,BWA,,,,,,,,40,Rubber and articles thereof,1,No Quantity,,,,,,,6633,,,0
H2,2004,2004,2004,2,0,2,Export,40,Austria,AUT,72,Botswana,BWA,,,,,,,,40,Rubber and articles thereof,1,No Quantity,,,,,,,4355,,,0
H2,2004,2004,2004,2,0,2,Export,40,Austria,AUT,92,Br. Virgin Isds,VGB,,,,,,,,40,Rubber and articles thereof,1,No Quantity,,,,,,,7570,,,0
H2,2004,2004,2004,2,0,1,Import,50,Bangladesh,BGD,70,Bosnia Herzegovina,BIH,,,,,,,,40,Rubber and articles thereof,1,No Quantity,,,,,,,405,,,0
H2,2004,2004,2004,2,0,1,Import,51,Armenia,ARM,92,Br. Virgin Isds,VGB,,,,,,,,40,Rubber and articles thereof,1,No Quantity,,,,,,,45700,,,0
H2,2004,2004,2004,2,0,2,Export,56,Belgium,BEL,70,Bosnia Herzegovina,BIH,,,,,,,,40,Rubber and articles thereof,1,No Quantity,,,,,,,486478,,,0
H2,2004,2004,2004,2,0,2,Export,56,Belgium,BEL,92,Br. Virgin Isds,VGB,,,,,,,,40,Rubber and articles thereof,1,No Quantity,,,,,,,280514,,,0
H2,2004,2004,2004,2,0,1,Import,70,Bosnia Herzegovina,BIH,92,Br. Virgin Isds,VGB,,,,,,,,40,Rubber and articles thereof,1,No Quantity,,,,,,,5606,,,0
H2,2004,2004,2004,2,0,1,Import,76,Brazil,BRA,70,Bosnia Herzegovina,BIH,,,,,,,,40,Rubber and articles thereof,1,No Quantity,0,,,,0,,4,,,4
H2,2004,2004,2004,2,0,2,Export,76,Brazil,BRA,70,Bosnia Herzegovina,BIH,,,,,,,,40,Rubber and articles thereof,1,No Quantity,0,,,,0,,1110,,,0
H2,2004,2004,2004,2,0,2,Export,76,Brazil,BRA,72,Botswana,BWA,,,,,,,,40,Rubber and articles thereof,1,No Quantity,0,,,,0,,229929,,,0
H2,2004,2004,2004,2,0,1,Import,76,Brazil,BRA,92,Br. Virgin Isds,VGB,,,,,,,,40,Rubber and articles thereof,1,No Quantity,0,,,,0,,1600,,,4
H2,2004,2004,2004,2,0,2,Export,76,Brazil,BRA,92,Br. Virgin Isds,VGB,,,,,,,,40,Rubber and articles thereof,1,No Quantity,0,,,,0,,132310,,,0
H2,2004,2004,2004,2,0,1,Import,100,Bulgaria,BGR,70,Bosnia Herzegovina,BIH,,,,,,,,40,Rubber and articles thereof,1,No Quantity,,,,,,,501,,,0
H2,2004,2004,2004,2,0,2,Export,100,Bulgaria,BGR,70,Bosnia Herzegovina,BIH,,,,,,,,40,Rubber and articles thereof,1,No Quantity,,,,,,,29228,,,0
H2,2004,2004,2004,2,0,2,Export,112,Belarus,BLR,72,Botswana,BWA,,,,,,,,40,Rubber and articles thereof,1,No Quantity,,,,,,,29300,,,0
H2,2004,2004,2004,2,0,1,Import,124,Canada,CAN,70,Bosnia Herzegovina,BIH,,,,,,,,40,Rubber and articles thereof,1,No Quantity,,,,,,,2466,,,0
H2,2004,2004,2004,2,0,2,Export,124,Canada,CAN,70,Bosnia Herzegovina,BIH,,,,,,,,40,Rubber and articles thereof,1,No Quantity,,,,,,,4755,,,0
H2,2004,2004,2004,2,0,3,Re-Export,124,Canada,CAN,70,Bosnia Herzegovina,BIH,,,,,,,,40,Rubber and articles thereof,1,No Quantity,,,,,,,108,,,0
H2,2004,2004,2004,2,0,2,Export,124,Canada,CAN,72,Botswana,BWA,,,,,,,,40,Rubber and articles thereof,1,No Quantity,,,,,,,21698,,,0
H2,2004,2004,2004,2,0,2,Export,124,Canada,CAN,92,Br. Virgin Isds,VGB,,,,,,,,40,Rubber and articles thereof,1,No Quantity,,,,,,,99139,,,0
H2,2004,2004,2004,2,0,3,Re-Export,124,Canada,CAN,92,Br. Virgin Isds,VGB,,,,,,,,40,Rubber and articles thereof,1,No Quantity,,,,,,,80917,,,0
H2,2004,2004,2004,2,0,2,Export,144,Sri Lanka,LKA,70,Bosnia Herzegovina,BIH,,,,,,,,40,Rubber and articles thereof,1,No Quantity,,,,,,,73975,,,0
H2,2004,2004,2004,2,0,2,Export,156,China,CHN,70,Bosnia Herzegovina,BIH,,,,,,,,40,Rubber and articles thereof,1,No Quantity,,,,,,,35174,,,0
H2,2004,2004,2004,2,0,2,Export,156,China,CHN,72,Botswana,BWA,,,,,,,,40,Rubber and articles thereof,1,No Quantity,,,,,,,1597163,,,0
H2,2004,2004,2004,2,0,1,Import,170,Colombia,COL,72,Botswana,BWA,,,,,,,,40,Rubber and articles thereof,1,No Quantity,,,,,,,12217,,,0
H2,2004,2004,2004,2,0,2,Export,170,Colombia,COL,92,Br. Virgin Isds,VGB,,,,,,,,40,Rubber and articles thereof,1,No Quantity,,,,,,,3686,,,0
H2,2004,2004,2004,2,0,1,Import,188,Costa Rica,CRI,92,Br. Virgin Isds,VGB,,,,,,,,40,Rubber and articles thereof,1,No Quantity,,,,,,,52,,,0
H2,2004,2004,2004,2,0,1,Import,191,Croatia,HRV,70,Bosnia Herzegovina,BIH,,,,,,,,40,Rubber and articles thereof,1,No Quantity,,,,,,,430556,,,0
H2,2004,2004,2004,2,0,2,Export,191,Croatia,HRV,70,Bosnia Herzegovina,BIH,,,,,,,,40,Rubber and articles thereof,1,No Quantity,,,,,,,2286764,,,0
H2,2004,2004,2004,2,0,1,Import,192,Cuba,CUB,70,Bosnia Herzegovina,BIH,,,,,,,,40,Rubber and articles thereof,1,No Quantity,,,,,,,5171,,,0
H2,2004,2004,2004,2,0,1,Import,196,Cyprus,CYP,70,Bosnia Herzegovina,BIH,,,,,,,,40,Rubber and articles thereof,1,No Quantity,,,,,,,17470,,,0
H2,2004,2004,2004,2,0,1,Import,203,Czechia,CZE,70,Bosnia Herzegovina,BIH,,,,,,,,40,Rubber and articles thereof,1,No Quantity,,,,,,,25499,,,0
H2,2004,2004,2004,2,0,2,Export,203,Czechia,CZE,70,Bosnia Herzegovina,BIH,,,,,,,,40,Rubber and articles thereof,1,No Quantity,,,,,,,2800033,,,0
H2,2004,2004,2004,2,0,2,Export,203,Czechia,CZE,92,Br. Virgin Isds,VGB,,,,,,,,40,Rubber and articles thereof,1,No Quantity,,,,,,,7813,,,0
H2,2004,2004,2004,2,0,1,Import,208,Denmark,DNK,70,Bosnia Herzegovina,BIH,,,,,,,,40,Rubber and articles thereof,1,No Quantity,,,,,,,60848,,,0
H2,2004,2004,2004,2,0,2,Export,208,Denmark,DNK,70,Bosnia Herzegovina,BIH,,,,,,,,40,Rubber and articles thereof,1,No Quantity,,,,,,,69658,,,0
H2,2004,2004,2004,2,0,2,Export,208,Denmark,DNK,72,Botswana,BWA,,,,,,,,40,Rubber and articles thereof,1,No Quantity,,,,,,,2035,,,0
H2,2004,2004,2004,2,0,1,Import,231,Ethiopia,ETH,92,Br. Virgin Isds,VGB,,,,,,,,40,Rubber and articles thereof,1,No Quantity,0,,,,0,,1761,,,0
H2,2004,2004,2004,2,0,2,Export,233,Estonia,EST,92,Br. Virgin Isds,VGB,,,,,,,,40,Rubber and articles thereof,1,No Quantity,,,,,,,361795,,,0
H2,2004,2004,2004,2,0,1,Import,246,Finland,FIN,70,Bosnia Herzegovina,BIH,,,,,,,,40,Rubber and articles thereof,1,No Quantity,,,,,,,5298,,,0
H2,2004,2004,2004,2,0,2,Export,246,Finland,FIN,70,Bosnia Herzegovina,BIH,,,,,,,,40,Rubber and articles thereof,1,No Quantity,,,,,,,19,,,0
H2,2004,2004,2004,2,0,2,Export,251,France,FRA,70,Bosnia Herzegovina,BIH,,,,,,,,40,Rubber and articles thereof,1,No Quantity,,,,,,,179087,,,0
H2,2004,2004,2004,2,0,2,Export,251,France,FRA,72,Botswana,BWA,,,,,,,,40,Rubber and articles thereof,1,No Quantity,,,,,,,28604,,,0
H2,2004,2004,2004,2,0,2,Export,251,France,FRA,92,Br. Virgin Isds,VGB,,,,,,,,40,Rubber and articles thereof,1,No Quantity,,,,,,,1009854,,,0
H2,2004,2004,2004,2,0,1,Import,276,Germany,DEU,70,Bosnia Herzegovina,BIH,,,,,,,,40,Rubber and articles thereof,1,No Quantity,,,,,,,115000,,,0
H2,2004,2004,2004,2,0,2,Export,276,Germany,DEU,70,Bosnia Herzegovina,BIH,,,,,,,,40,Rubber and articles thereof,1,No Quantity,,,,,,,4661000,,,0
H2,2004,2004,2004,2,0,2,Export,276,Germany,DEU,72,Botswana,BWA,,,,,,,,40,Rubber and articles thereof,1,No Quantity,,,,,,,175000,,,0
H2,2004,2004,2004,2,0,2,Export,276,Germany,DEU,74,Bouvet Island,BVT,,,,,,,,40,Rubber and articles thereof,1,No Quantity,,,,,,,1000,,,0
H2,2004,2004,2004,2,0,1,Import,276,Germany,DEU,92,Br. Virgin Isds,VGB,,,,,,,,40,Rubber and articles thereof,1,No Quantity,,,,,,,1000,,,0
H2,2004,2004,2004,2,0,2,Export,276,Germany,DEU,92,Br. Virgin Isds,VGB,,,,,,,,40,Rubber and articles thereof,1,No Quantity,,,,,,,222000,,,0
H2,2004,2004,2004,2,0,1,Import,288,Ghana,GHA,70,Bosnia Herzegovina,BIH,,,,,,,,40,Rubber and articles thereof,1,No Quantity,,,,,,,4606,,,0
H2,2004,2004,2004,2,0,1,Import,340,Honduras,HND,70,Bosnia Herzegovina,BIH,,,,,,,,40,Rubber and articles thereof,1,No Quantity,,,,,,,40,,,0
H2,2004,2004,2004,2,0,1,Import,340,Honduras,HND,72,Botswana,BWA,,,,,,,,40,Rubber and articles thereof,1,No Quantity,,,,,,,13,,,0
H2,2004,2004,2004,2,0,1,Import,348,Hungary,HUN,70,Bosnia Herzegovina,BIH,,,,,,,,40,Rubber and articles thereof,1,No Quantity,,,,,,,104000,,,0
H2,2004,2004,2004,2,0,2,Export,348,Hungary,HUN,70,Bosnia Herzegovina,BIH,,,,,,,,40,Rubber and articles thereof,1,No Quantity,,,,,,,2957000,,,0
H2,2004,2004,2004,2,0,1,Import,376,Israel,ISR,70,Bosnia Herzegovina,BIH,,,,,,,,40,Rubber and articles thereof,1,No Quantity,,,,,,,16000,,,0
H2,2004,2004,2004,2,0,1,Import,381,Italy,ITA,70,Bosnia Herzegovina,BIH,,,,,,,,40,Rubber and articles thereof,1,No Quantity,,,,,,,31573,,,0
H2,2004,2004,2004,2,0,2,Export,381,Italy,ITA,70,Bosnia Herzegovina,BIH,,,,,,,,40,Rubber and articles thereof,1,No Quantity,,,,,,,2553166,,,0
H2,2004,2004,2004,2,0,2,Export,381,Italy,ITA,72,Botswana,BWA,,,,,,,,40,Rubber and articles thereof,1,No Quantity,,,,,,,2214,,,0
H2,2004,2004,2004,2,0,2,Export,381,Italy,ITA,92,Br. Virgin Isds,VGB,,,,,,,,40,Rubber and articles thereof,1,No Quantity,,,,,,,14544,,,0
H2,2004,2004,2004,2,0,2,Export,392,Japan,JPN,72,Botswana,BWA,,,,,,,,40,Rubber and articles thereof,1,No Quantity,,,,,,,100749,,,0
H2,2004,2004,2004,2,0,2,Export,392,Japan,JPN,92,Br. Virgin Isds,VGB,,,,,,,,40,Rubber and articles thereof,1,No Quantity,,,,,,,52682,,,0
H2,2004,2004,2004,2,0,1,Import,398,Kazakhstan,KAZ,70,Bosnia Herzegovina,BIH,,,,,,,,40,Rubber and articles thereof,1,No Quantity,,,,,,,3506,,,0
H2,2004,2004,2004,2,0,2,Export,410,Rep. of Korea,KOR,70,Bosnia Herzegovina,BIH,,,,,,,,40,Rubber and articles thereof,1,No Quantity,,,,,,,658990,,,0
H2,2004,2004,2004,2,0,2,Export,410,Rep. of Korea,KOR,72,Botswana,BWA,,,,,,,,40,Rubber and articles thereof,1,No Quantity,,,,,,,590760,,,0
H2,2004,2004,2004,2,0,2,Export,440,Lithuania,LTU,70,Bosnia Herzegovina,BIH,,,,,,,,40,Rubber and articles thereof,1,No Quantity,,,,,,,86523,,,0
H2,2004,2004,2004,2,0,2,Export,440,Lithuania,LTU,92,Br. Virgin Isds,VGB,,,,,,,,40,Rubber and articles thereof,1,No Quantity,,,,,,,177197,,,0
H2,2004,2004,2004,2,0,1,Import,454,Malawi,MWI,72,Botswana,BWA,,,,,,,,40,Rubber and articles thereof,1,No Quantity,,,,,,,187,,,0
H2,2004,2004,2004,2,0,2,Export,454,Malawi,MWI,72,Botswana,BWA,,,,,,,,40,Rubber and articles thereof,1,No Quantity,,,,,,,46,,,0
H2,2004,2004,2004,2,0,2,Export,458,Malaysia,MYS,70,Bosnia Herzegovina,BIH,,,,,,,,40,Rubber and articles thereof,1,No Quantity,,,,,,,20160,,,0
H2,2004,2004,2004,2,0,2,Export,458,Malaysia,MYS,72,Botswana,BWA,,,,,,,,40,Rubber and articles thereof,1,No Quantity,,,,,,,301296,,,0
H2,2004,2004,2004,2,0,2,Export,458,Malaysia,MYS,92,Br. Virgin Isds,VGB,,,,,,,,40,Rubber and articles thereof,1,No Quantity,,,,,,,13136,,,0
H2,2004,2004,2004,2,0,1,Import,480,Mauritius,MUS,72,Botswana,BWA,,,,,,,,40,Rubber and articles thereof,1,No Quantity,,,,,,,1294,,,0
H2,2004,2004,2004,2,0,1,Import,484,Mexico,MEX,92,Br. Virgin Isds,VGB,,,,,,,,40,Rubber and articles thereof,1,No Quantity,,,,,,,33200,,,0
H2,2004,2004,2004,2,0,2,Export,484,Mexico,MEX,92,Br. Virgin Isds,VGB,,,,,,,,40,Rubber and articles thereof,1,No Quantity,,,,,,,36980,,,0
H2,2004,2004,2004,2,0,2,Export,490,"Other Asia, nes",,70,Bosnia Herzegovina,BIH,,,,,,,,40,Rubber and articles thereof,1,No Quantity,,,,,,,8180,,,0
H2,2004,2004,2004,2,0,2,Export,490,"Other Asia, nes",,72,Botswana,BWA,,,,,,,,40,Rubber and articles thereof,1,No Quantity,,,,,,,60405,,,0
H2,2004,2004,2004,2,0,1,Import,490,"Other Asia, nes",,92,Br. Virgin Isds,VGB,,,,,,,,40,Rubber and articles thereof,1,No Quantity,,,,,,,899,,,0
H2,2004,2004,2004,2,0,2,Export,490,"Other Asia, nes",,92,Br. Virgin Isds,VGB,,,,,,,,40,Rubber and articles thereof,1,No Quantity,,,,,,,62023,,,0
H2,2004,2004,2004,2,0,1,Import,516,Namibia,NAM,72,Botswana,BWA,,,,,,,,40,Rubber and articles thereof,1,No Quantity,,,,,,,1874,,,0
H2,2004,2004,2004,2,0,2,Export,516,Namibia,NAM,72,Botswana,BWA,,,,,,,,40,Rubber and articles thereof,1,No Quantity,,,,,,,4332,,,0
H2,2004,2004,2004,2,0,2,Export,528,Netherlands,NLD,70,Bosnia Herzegovina,BIH,,,,,,,,40,Rubber and articles thereof,1,No Quantity,,,,,,,510081,,,0
H2,2004,2004,2004,2,0,2,Export,528,Netherlands,NLD,72,Botswana,BWA,,,,,,,,40,Rubber and articles thereof,1,No Quantity,,,,,,,14929,,,0
H2,2004,2004,2004,2,0,2,Export,528,Netherlands,NLD,92,Br. Virgin Isds,VGB,,,,,,,,40,Rubber and articles thereof,1,No Quantity,,,,,,,190347,,,0
H2,2004,2004,2004,2,0,1,Import,586,Pakistan,PAK,70,Bosnia Herzegovina,BIH,,,,,,,,40,Rubber and articles thereof,1,No Quantity,,,,,,,35968,,,0
H2,2004,2004,2004,2,0,1,Import,586,Pakistan,PAK,72,Botswana,BWA,,,,,,,,40,Rubber and articles thereof,1,No Quantity,,,,,,,24644,,,0
H2,2004,2004,2004,2,0,1,Import,616,Poland,POL,70,Bosnia Herzegovina,BIH,,,,,,,,40,Rubber and articles thereof,1,No Quantity,,,,,,,6554,,,0
H2,2004,2004,2004,2,0,2,Export,616,Poland,POL,70,Bosnia Herzegovina,BIH,,,,,,,,40,Rubber and articles thereof,1,No Quantity,,,,,,,1224132,,,0
H2,2004,2004,2004,2,0,2,Export,616,Poland,POL,72,Botswana,BWA,,,,,,,,40,Rubber and articles thereof,1,No Quantity,,,,,,,4099,,,0
H2,2004,2004,2004,2,0,2,Export,616,Poland,POL,92,Br. Virgin Isds,VGB,,,,,,,,40,Rubber and articles thereof,1,No Quantity,,,,,,,27114,,,0
H2,2004,2004,2004,2,0,1,Import,620,Portugal,PRT,72,Botswana,BWA,,,,,,,,40,Rubber and articles thereof,1,No Quantity,,,,,,,208,,,0
H2,2004,2004,2004,2,0,2,Export,620,Portugal,PRT,72,Botswana,BWA,,,,,,,,40,Rubber and articles thereof,1,No Quantity,,,,,,,910,,,0
H2,2004,2004,2004,2,0,2,Export,620,Portugal,PRT,92,Br. Virgin Isds,VGB,,,,,,,,40,Rubber and articles thereof,1,No Quantity,,,,,,,1304,,,0
H2,2004,2004,2004,2,0,2,Export,642,Romania,ROU,70,Bosnia Herzegovina,BIH,,,,,,,,40,Rubber and articles thereof,1,No Quantity,,,,,,,166080,,,0
H2,2004,2004,2004,2,0,2,Export,643,Russian Federation,RUS,70,Bosnia Herzegovina,BIH,,,,,,,,40,Rubber and articles thereof,1,No Quantity,,,,,,,18178,,,0
H2,2004,2004,2004,2,0,2,Export,643,Russian Federation,RUS,92,Br. Virgin Isds,VGB,,,,,,,,40,Rubber and articles thereof,1,No Quantity,,,,,,,26457,,,0
H2,2004,2004,2004,2,0,2,Export,699,India,IND,70,Bosnia Herzegovina,BIH,,,,,,,,40,Rubber and articles thereof,1,No Quantity,,,,,,,1793,,,0
H2,2004,2004,2004,2,0,2,Export,699,India,IND,72,Botswana,BWA,,,,,,,,40,Rubber and articles thereof,1,No Quantity,,,,,,,859193,,,0
H2,2004,2004,2004,2,0,2,Export,699,India,IND,92,Br. Virgin Isds,VGB,,,,,,,,40,Rubber and articles thereof,1,No Quantity,,,,,,,24761,,,0
H2,2004,2004,2004,2,0,1,Import,703,Slovakia,SVK,70,Bosnia Herzegovina,BIH,,,,,,,,40,Rubber and articles thereof,1,No Quantity,,,,,,,6279,,,0
H2,2004,2004,2004,2,0,2,Export,703,Slovakia,SVK,70,Bosnia Herzegovina,BIH,,,,,,,,40,Rubber and articles thereof,1,No Quantity,,,,,,,1703910,,,0
H2,2004,2004,2004,2,0,1,Import,705,Slovenia,SVN,70,Bosnia Herzegovina,BIH,,,,,,,,40,Rubber and articles thereof,1,No Quantity,,,,,,,459420,,,0
H2,2004,2004,2004,2,0,2,Export,705,Slovenia,SVN,70,Bosnia Herzegovina,BIH,,,,,,,,40,Rubber and articles thereof,1,No Quantity,,,,,,,22081454,,,0
H2,2004,2004,2004,2,0,1,Import,705,Slovenia,SVN,92,Br. Virgin Isds,VGB,,,,,,,,40,Rubber and articles thereof,1,No Quantity,,,,,,,8131,,,0
H2,2004,2004,2004,2,0,1,Import,710,South Africa,ZAF,70,Bosnia Herzegovina,BIH,,,,,,,,40,Rubber and articles thereof,1,No Quantity,,,,,,,135,,,0
H2,2004,2004,2004,2,0,2,Export,710,South Africa,ZAF,92,Br. Virgin Isds,VGB,,,,,,,,40,Rubber and articles thereof,1,No Quantity,,,,,,,141,,,0
H2,2004,2004,2004,2,0,1,Import,716,Zimbabwe,ZWE,72,Botswana,BWA,,,,,,,,40,Rubber and articles thereof,1,No Quantity,0,,,,0,,166869,,,4
H2,2004,2004,2004,2,0,2,Export,716,Zimbabwe,ZWE,72,Botswana,BWA,,,,,,,,40,Rubber and articles thereof,1,No Quantity,0,,,,0,,1606727,,,0
H2,2004,2004,2004,2,0,3,Re-Export,716,Zimbabwe,ZWE,72,Botswana,BWA,,,,,,,,40,Rubber and articles thereof,1,No Quantity,0,,,,0,,393070,,,0
H2,2004,2004,2004,2,0,2,Export,724,Spain,ESP,70,Bosnia Herzegovina,BIH,,,,,,,,40,Rubber and articles thereof,1,No Quantity,0,,,,0,,15681,,,0
H2,2004,2004,2004,2,0,2,Export,724,Spain,ESP,92,Br. Virgin Isds,VGB,,,,,,,,40,Rubber and articles thereof,1,No Quantity,0,,,,0,,69876,,,0
H2,2004,2004,2004,2,0,2,Export,752,Sweden,SWE,70,Bosnia Herzegovina,BIH,,,,,,,,40,Rubber and articles thereof,1,No Quantity,,,,,,,25493,,,0
H2,2004,2004,2004,2,0,1,Import,752,Sweden,SWE,92,Br. Virgin Isds,VGB,,,,,,,,40,Rubber and articles thereof,1,No Quantity,,,,,,,1773,,,0
H2,2004,2004,2004,2,0,2,Export,752,Sweden,SWE,92,Br. Virgin Isds,VGB,,,,,,,,40,Rubber and articles thereof,1,No Quantity,,,,,,,409,,,0
H2,2004,2004,2004,2,0,2,Export,757,Switzerland,CHE,70,Bosnia Herzegovina,BIH,,,,,,,,40,Rubber and articles thereof,1,No Quantity,,,,,,,113892,,,0
H2,2004,2004,2004,2,0,2,Export,757,Switzerland,CHE,72,Botswana,BWA,,,,,,,,40,Rubber and articles thereof,1,No Quantity,,,,,,,119510,,,0
H2,2004,2004,2004,2,0,1,Import,757,Switzerland,CHE,92,Br. Virgin Isds,VGB,,,,,,,,40,Rubber and articles thereof,1,No Quantity,,,,,,,27018,,,0
H2,2004,2004,2004,2,0,2,Export,764,Thailand,THA,72,Botswana,BWA,,,,,,,,40,Rubber and articles thereof,1,No Quantity,,,,,,,34885,,,0
H2,2004,2004,2004,2,0,2,Export,764,Thailand,THA,92,Br. Virgin Isds,VGB,,,,,,,,40,Rubber and articles thereof,1,No Quantity,,,,,,,13,,,0
H2,2004,2004,2004,2,0,2,Export,780,Trinidad and Tobago,TTO,92,Br. Virgin Isds,VGB,,,,,,,,40,Rubber and articles thereof,1,No Quantity,,,,,,,266,,,0
H2,2004,2004,2004,2,0,1,Import,788,Tunisia,TUN,70,Bosnia Herzegovina,BIH,,,,,,,,40,Rubber and articles thereof,1,No Quantity,,,,,,,7677,,,0
H2,2004,2004,2004,2,0,2,Export,792,Turkey,TUR,70,Bosnia Herzegovina,BIH,,,,,,,,40,Rubber and articles thereof,1,No Quantity,,,,,,,244262,,,0
H2,2004,2004,2004,2,0,2,Export,792,Turkey,TUR,92,Br. Virgin Isds,VGB,,,,,,,,40,Rubber and articles thereof,1,No Quantity,,,,,,,308,,,0
H2,2004,2004,2004,2,0,1,Import,807,North Macedonia,MKD,70,Bosnia Herzegovina,BIH,,,,,,,,40,Rubber and articles thereof,1,No Quantity,,,,,,,11163,,,0
H2,2004,2004,2004,2,0,2,Export,807,North Macedonia,MKD,70,Bosnia Herzegovina,BIH,,,,,,,,40,Rubber and articles thereof,1,No Quantity,,,,,,,212,,,0
H2,2004,2004,2004,2,0,1,Import,826,United Kingdom,GBR,70,Bosnia Herzegovina,BIH,,,,,,,,40,Rubber and articles thereof,1,No Quantity,,,,,,,121564,,,0
H2,2004,2004,2004,2,0,2,Export,826,United Kingdom,GBR,70,Bosnia Herzegovina,BIH,,,,,,,,40,Rubber and articles thereof,1,No Quantity,,,,,,,455423,,,0
H2,2004,2004,2004,2,0,2,Export,826,United Kingdom,GBR,72,Botswana,BWA,,,,,,,,40,Rubber and articles thereof,1,No Quantity,,,,,,,42461,,,0
H2,2004,2004,2004,2,0,2,Export,826,United Kingdom,GBR,92,Br. Virgin Isds,VGB,,,,,,,,40,Rubber and articles thereof,1,No Quantity,,,,,,,167391,,,0
H2,2004,2004,2004,2,0,1,Import,842,USA,USA,92,Br. Virgin Isds,VGB,,,,,,,,40,Rubber and articles thereof,1,No Quantity,,,,,,,18626,,,0
H2,2004,2004,2004,2,0,2,Export,842,USA,USA,92,Br. Virgin Isds,VGB,,,,,,,,40,Rubber and articles thereof,1,No Quantity,,,,,,,625856,,,0
H2,2004,2004,2004,2,0,3,Re-Export,842,USA,USA,92,Br. Virgin Isds,VGB,,,,,,,,40,Rubber and articles thereof,1,No Quantity,,,,,,,184306,,,0
H2,2004,2004,2004,2,0,1,Import,894,Zambia,ZMB,72,Botswana,BWA,,,,,,,,40,Rubber and articles thereof,1,No Quantity,0,,,,0,,90178,,,4
H2,2004,2004,2004,2,0,2,Export,894,Zambia,ZMB,72,Botswana,BWA,,,,,,,,40,Rubber and articles thereof,1,No Quantity,0,,,,0,,44835,,,0
H1,2004,2004,2004,2,0,2,Export,52,Barbados,BRB,92,Br. Virgin Isds,VGB,,,,,,,,27,"Mineral fuels, oils, distillation products, etc",1,No Quantity,,,,,,,61,,,0
H1,2004,2004,2004,2,0,3,Re-Export,52,Barbados,BRB,92,Br. Virgin Isds,VGB,,,,,,,,27,"Mineral fuels, oils, distillation products, etc",1,No Quantity,,,,,,,61,,,0
H1,2004,2004,2004,2,0,2,Export,214,Dominican Rep.,DOM,92,Br. Virgin Isds,VGB,,,,,,,,27,"Mineral fuels, oils, distillation products, etc",1,No Quantity,,,,,,,1574,,,0
H1,2004,2004,2004,2,0,2,Export,646,Rwanda,RWA,74,Bouvet Island,BVT,,,,,,,,27,"Mineral fuels, oils, distillation products, etc",1,No Quantity,,,,,,,223417,,,0
H1,2004,2004,2004,2,0,3,Re-Export,646,Rwanda,RWA,74,Bouvet Island,BVT,,,,,,,,27,"Mineral fuels, oils, distillation products, etc",1,No Quantity,,,,,,,223417,,,0
H1,2004,2004,2004,2,0,2,Export,662,Saint Lucia,LCA,92,Br. Virgin Isds,VGB,,,,,,,,27,"Mineral fuels, oils, distillation products, etc",1,No Quantity,,,,,,,50313,,,0
H1,2004,2004,2004,2,0,3,Re-Export,662,Saint Lucia,LCA,92,Br. Virgin Isds,VGB,,,,,,,,27,"Mineral fuels, oils, distillation products, etc",1,No Quantity,,,,,,,50313,,,0
H1,2004,2004,2004,2,0,2,Export,804,Ukraine,UKR,70,Bosnia Herzegovina,BIH,,,,,,,,27,"Mineral fuels, oils, distillation products, etc",1,No Quantity,,,,,,,19370,,,0
H1,2004,2004,2004,2,0,2,Export,804,Ukraine,UKR,92,Br. Virgin Isds,VGB,,,,,,,,27,"Mineral fuels, oils, distillation products, etc",1,No Quantity,,,,,,,16876100,,,0
H1,2004,2004,2004,2,0,1,Import,834,United Rep. of Tanzania,TZA,72,Botswana,BWA,,,,,,,,27,"Mineral fuels, oils, distillation products, etc",1,No Quantity,,,,,,,6815,,,0
H1,2004,2004,2004,2,0,2,Export,862,Venezuela,VEN,92,Br. Virgin Isds,VGB,,,,,,,,27,"Mineral fuels, oils, distillation products, etc",1,No Quantity,,,,,,,76861035,,,0
H1,2004,2004,2004,2,0,1,Import,891,Serbia and Montenegro,SCG,70,Bosnia Herzegovina,BIH,,,,,,,,27,"Mineral fuels, oils, distillation products, etc",1,No Quantity,,,,,,,45683639,,,0
H1,2004,2004,2004,2,0,2,Export,891,Serbia and Montenegro,SCG,70,Bosnia Herzegovina,BIH,,,,,,,,27,"Mineral fuels, oils, distillation products, etc",1,No Quantity,,,,,,,53762195,,,0
H1,2004,2004,2004,2,0,2,Export,52,Barbados,BRB,92,Br. Virgin Isds,VGB,,,,,,,,39,Plastics and articles thereof,1,No Quantity,,,,,,,2671,,,0
H1,2004,2004,2004,2,0,3,Re-Export,52,Barbados,BRB,92,Br. Virgin Isds,VGB,,,,,,,,39,Plastics and articles thereof,1,No Quantity,,,,,,,2544,,,0
H1,2004,2004,2004,2,0,1,Import,84,Belize,BLZ,92,Br. Virgin Isds,VGB,,,,,,,,39,Plastics and articles thereof,1,No Quantity,,,,,,,1577,,,0
H1,2004,2004,2004,2,0,2,Export,84,Belize,BLZ,92,Br. Virgin Isds,VGB,,,,,,,,39,Plastics and articles thereof,1,No Quantity,,,,,,,97,,,0
H1,2004,2004,2004,2,0,1,Import,212,Dominica,DMA,92,Br. Virgin Isds,VGB,,,,,,,,39,Plastics and articles thereof,1,No Quantity,,,,,,,2069,,,0
H1,2004,2004,2004,2,0,1,Import,214,Dominican Rep.,DOM,92,Br. Virgin Isds,VGB,,,,,,,,39,Plastics and articles thereof,1,No Quantity,,,,,,,96,,,0
H1,2004,2004,2004,2,0,2,Export,214,Dominican Rep.,DOM,92,Br. Virgin Isds,VGB,,,,,,,,39,Plastics and articles thereof,1,No Quantity,,,,,,,45898,,,0
H1,2004,2004,2004,2,0,1,Import,268,Georgia,GEO,92,Br. Virgin Isds,VGB,,,,,,,,39,Plastics and articles thereof,1,No Quantity,,,,,,,3861,,,0
H1,2004,2004,2004,2,0,1,Import,308,Grenada,GRD,92,Br. Virgin Isds,VGB,,,,,,,,39,Plastics and articles thereof,1,No Quantity,,,,,,,176,,,0
H1,2004,2004,2004,2,0,2,Export,360,Indonesia,IDN,72,Botswana,BWA,,,,,,,,39,Plastics and articles thereof,1,No Quantity,,,,,,,271232,,,0
H1,2004,2004,2004,2,0,2,Export,360,Indonesia,IDN,92,Br. Virgin Isds,VGB,,,,,,,,39,Plastics and articles thereof,1,No Quantity,,,,,,,1435,,,0
H1,2004,2004,2004,2,0,1,Import,608,Philippines,PHL,92,Br. Virgin Isds,VGB,,,,,,,,39,Plastics and articles thereof,1,No Quantity,,,,,,,1112,,,0
H1,2004,2004,2004,2,0,2,Export,608,Philippines,PHL,92,Br. Virgin Isds,VGB,,,,,,,,39,Plastics and articles thereof,1,No Quantity,,,,,,,500,,,0
H1,2004,2004,2004,2,0,1,Import,659,Saint Kitts and Nevis,KNA,92,Br. Virgin Isds,VGB,,,,,,,,39,Plastics and articles thereof,1,No Quantity,,,,,,,381,,,0
H1,2004,2004,2004,2,0,2,Export,659,Saint Kitts and Nevis,KNA,92,Br. Virgin Isds,VGB,,,,,,,,39,Plastics and articles thereof,1,No Quantity,,,,,,,2780,,,0
H1,2004,2004,2004,2,0,1,Import,662,Saint Lucia,LCA,92,Br. Virgin Isds,VGB,,,,,,,,39,Plastics and articles thereof,1,No Quantity,,,,,,,323,,,0
H1,2004,2004,2004,2,0,1,Import,670,Saint Vincent and the Grenadines,VCT,92,Br. Virgin Isds,VGB,,,,,,,,39,Plastics and articles thereof,1,No Quantity,,,,,,,3264,,,0
H1,2004,2004,2004,2,0,2,Export,670,Saint Vincent and the Grenadines,VCT,92,Br. Virgin Isds,VGB,,,,,,,,39,Plastics and articles thereof,1,No Quantity,,,,,,,6403,,,0
H1,2004,2004,2004,2,0,2,Export,804,Ukraine,UKR,70,Bosnia Herzegovina,BIH,,,,,,,,39,Plastics and articles thereof,1,No Quantity,,,,,,,3560,,,0
H1,2004,2004,2004,2,0,2,Export,804,Ukraine,UKR,92,Br. Virgin Isds,VGB,,,,,,,,39,Plastics and articles thereof,1,No Quantity,,,,,,,948340,,,0
H1,2004,2004,2004,2,0,1,Import,891,Serbia and Montenegro,SCG,70,Bosnia Herzegovina,BIH,,,,,,,,39,Plastics and articles thereof,1,No Quantity,,,,,,,5237921,,,0
H1,2004,2004,2004,2,0,2,Export,891,Serbia and Montenegro,SCG,70,Bosnia Herzegovina,BIH,,,,,,,,39,Plastics and articles thereof,1,No Quantity,,,,,,,33928378,,,0
H1,2004,2004,2004,2,0,1,Import,52,Barbados,BRB,92,Br. Virgin Isds,VGB,,,,,,,,40,Rubber and articles thereof,1,No Quantity,,,,,,,213,,,0
H1,2004,2004,2004,2,0,2,Export,52,Barbados,BRB,92,Br. Virgin Isds,VGB,,,,,,,,40,Rubber and articles thereof,1,No Quantity,,,,,,,42,,,0
H1,2004,2004,2004,2,0,3,Re-Export,52,Barbados,BRB,92,Br. Virgin Isds,VGB,,,,,,,,40,Rubber and articles thereof,1,No Quantity,,,,,,,42,,,0
H1,2004,2004,2004,2,0,1,Import,214,Dominican Rep.,DOM,72,Botswana,BWA,,,,,,,,40,Rubber and articles thereof,1,No Quantity,,,,,,,1080,,,0
H1,2004,2004,2004,2,0,1,Import,268,Georgia,GEO,92,Br. Virgin Isds,VGB,,,,,,,,40,Rubber and articles thereof,1,No Quantity,,,,,,,365,,,0
H1,2004,2004,2004,2,0,2,Export,360,Indonesia,IDN,72,Botswana,BWA,,,,,,,,40,Rubber and articles thereof,1,No Quantity,,,,,,,19723,,,0
H1,2004,2004,2004,2,0,2,Export,360,Indonesia,IDN,92,Br. Virgin Isds,VGB,,,,,,,,40,Rubber and articles thereof,1,No Quantity,,,,,,,54636,,,0
H1,2004,2004,2004,2,0,1,Import,659,Saint Kitts and Nevis,KNA,92,Br. Virgin Isds,VGB,,,,,,,,40,Rubber and articles thereof,1,No Quantity,,,,,,,100,,,0
H1,2004,2004,2004,2,0,1,Import,670,Saint Vincent and the Grenadines,VCT,92,Br. Virgin Isds,VGB,,,,,,,,40,Rubber and articles thereof,1,No Quantity,,,,,,,181,,,0
H1,2004,2004,2004,2,0,2,Export,804,Ukraine,UKR,92,Br. Virgin Isds,VGB,,,,,,,,40,Rubber and articles thereof,1,No Quantity,,,,,,,21630,,,0
H1,2004,2004,2004,2,0,1,Import,891,Serbia and Montenegro,SCG,70,Bosnia Herzegovina,BIH,,,,,,,,40,Rubber and articles thereof,1,No Quantity,,,,,,,320338,,,0
H1,2004,2004,2004,2,0,2,Export,891,Serbia and Montenegro,SCG,70,Bosnia Herzegovina,BIH,,,,,,,,40,Rubber and articles thereof,1,No Quantity,,,,,,,5360215,,,0
H1,2004,2004,2004,2,0,2,Export,891,Serbia and Montenegro,SCG,92,Br. Virgin Isds,VGB,,,,,,,,40,Rubber and articles thereof,1,No Quantity,,,,,,,26078,,,0
H0,2004,2004,2004,2,0,1,Import,660,Anguilla,AIA,92,Br. Virgin Isds,VGB,,,,,,,,27,"Mineral fuels, oils, distillation products, etc",1,No Quantity,,,,,,,53167,,,0
H0,2004,2004,2004,2,0,2,Export,660,Anguilla,AIA,92,Br. Virgin Isds,VGB,,,,,,,,27,"Mineral fuels, oils, distillation products, etc",1,No Quantity,,,,,,,47348,,,0
H0,2004,2004,2004,2,0,1,Import,414,Kuwait,KWT,70,Bosnia Herzegovina,BIH,,,,,,,,39,Plastics and articles thereof,1,No Quantity,,,,,,,2399,,,0
H0,2004,2004,2004,2,0,2,Export,414,Kuwait,KWT,72,Botswana,BWA,,,,,,,,39,Plastics and articles thereof,1,No Quantity,,,,,,,95487,,,0
H0,2004,2004,2004,2,0,1,Import,660,Anguilla,AIA,92,Br. Virgin Isds,VGB,,,,,,,,39,Plastics and articles thereof,1,No Quantity,,,,,,,5540,,,0
H0,2004,2004,2004,2,0,2,Export,660,Anguilla,AIA,92,Br. Virgin Isds,VGB,,,,,,,,39,Plastics and articles thereof,1,No Quantity,,,,,,,39,,,0
H0,2004,2004,2004,2,0,2,Export,818,Egypt,EGY,70,Bosnia Herzegovina,BIH,,,,,,,,39,Plastics and articles thereof,1,No Quantity,,,,,,,32,,,0
H0,2004,2004,2004,2,0,1,Import,414,Kuwait,KWT,70,Bosnia Herzegovina,BIH,,,,,,,,40,Rubber and articles thereof,1,No Quantity,,,,,,,3074,,,0
